{
    "A1KnSTJxGECO9UKKzhypmCz3u1wRllrI": {
        "timestamp": 1761635838.7064633
    },
    "nTp5jSwGe5hoB0nwZZmFcMCT3syDbgox": {
        "timestamp": 1761636425.773136
    },
    "7I1zBGGZm0ZIqwPniQ0Brb8iaRbArJ1I": {
        "timestamp": 1761636425.8294647
    },
    "YdXVtWcBSK52Ub5mUlsg7eCKrOm4SOqZ": {
        "timestamp": 1761636482.5229194
    },
    "7HZTwZCWW75I81BHoIeAfGrii1FZ9okh": {
        "timestamp": 1761636855.7385342
    },
    "33QW2sQNz37HfCMhCW3SDPfIZPTjOOgK": {
        "timestamp": 1761637511.4038212
    },
    "u5FRUZJwiFN2HNeqzxQfbeg4YoJgn3d8": {
        "timestamp": 1761637511.4287736
    },
    "5sbMByZkmFGT0FIqJj2uSJilfEicNpkn": {
        "timestamp": 1761637551.179777
    },
    "jWurMjQKfeq9KzXRlmKIqLcvmmAtYOH4": {
        "timestamp": 1761637551.2104468
    },
    "ITxjP9kjKEFabcC5rxjY2Ebs55gFhGqr": {
        "timestamp": 1761637590.993948
    },
    "BNjKQ6L2FsnLVqV0XTEFkTHu06AqLe6p": {
        "timestamp": 1761637812.4640615
    },
    "ohiYlXIqmbB8Xc3Xn8KgK5VwhYSAplG2": {
        "timestamp": 1761637821.7091925
    },
    "4IWIvlTAds9GlEsGIvcLP2gYdEV3YgSx": {
        "timestamp": 1761637910.0646038
    },
    "1oEDgvgq6LGO9w85sV6kBIRFzXHqw6LA": {
        "timestamp": 1761637910.0887446
    },
    "EocXJJwS0zZfxf7tUTTH19jZqC4SlLit": {
        "timestamp": 1761638088.495997
    },
    "dCLZjBUfTK9lSQVcgs83Pm5nySjRXl6T": {
        "timestamp": 1761638088.518037
    },
    "8JCBpqjuVngz7qQZSJUfUOHrjlffEz7Z": {
        "timestamp": 1761638191.4837515
    },
    "8z04z2jnz8xvykLE8hAtN6RlLieq2PIp": {
        "timestamp": 1761638191.5005853
    },
    "lMeDaQ7KewTZ7PxRkfx87yBCF82n00Ix": {
        "timestamp": 1761638280.4279323
    },
    "AYoNK5hiCyZ6wlhPfzWSpa8GnON0jOCm": {
        "timestamp": 1761638280.4563158
    },
    "PIosuCzDOX7k5siDCzAOn09RusWXOuNI": {
        "timestamp": 1761639433.5853634
    },
    "kghvMqcVh0MU0ixklK4ggsnmwmjyIIWM": {
        "timestamp": 1761639433.6120028
    },
    "vrdtNxae6DZicsuoa74sxBLOW8nCqq2w": {
        "timestamp": 1761639621.3868847
    },
    "vVMyGVQP0wJvtEiRsvwvdCQFMq2sFlm3": {
        "timestamp": 1761652342.7595367
    }
}